id,nome,especie,raca,data_nascimento,id_dono,deleted
1,Giovanna,Pássaro,Calopsita,2017-12-21,Gabriela Gonçalves,False
2,Sarah,Cachorro,Poodle,2017-10-28,José Cassiano,False
3,Valentim,Gato,SRD,2021-01-05,Maria Julia Campos,False
4,Zoe,Gato,Angorá,2012-02-27,Anna Liz Vargas,False
5,Clarice,Pássaro,Papagaio,2012-10-21,Dante da Mata,False
6,Natália,Coelho,Lion Head,2021-03-11,José Miguel Souza,False
7,Jade,Cachorro,Bulldog,2011-06-10,Alana Aparecida,False
8,Luísa,Pássaro,Canário,2023-11-02,Rael Monteiro,False
9,Maria,Cachorro,Pastor Alemão,2010-12-10,Ísis Cavalcanti,False
10,Milena,Cachorro,Bulldog,2020-10-05,Enzo Gabriel da Conceição,False
11,Mirella,Pássaro,Periquito,2021-03-31,Leandro Rocha,False
12,Gabriela,Gato,Siamês,2023-01-15,Alexandre da Conceição,False
13,Bárbara,Coelho,Angorá Inglês,2012-07-06,Gabriel Mendes,False
14,Murilo,Cachorro,Vira-lata,2019-09-05,Juan Rezende,False
15,Antony,Gato,SRD,2017-02-09,João Vitor Costela,False
16,Pietra,Coelho,Angorá Inglês,2012-04-16,Benjamim Alves,False
17,Clara,Gato,Angorá,2024-12-01,Mariane Pastor,False
18,Apollo,Gato,Angorá,2010-11-28,Ana Sophia da Conceição,False
19,Cecilia,Pássaro,Canário,2019-02-05,Lívia Nascimento,False
20,Stephany,Coelho,Lion Head,2012-02-06,Daniela Rezende,False
21,Maria Liz,Gato,SRD,2024-08-29,Dra. Luísa da Mota,False
22,Sara,Cachorro,Labrador,2022-11-02,Maria Eduarda Sá,False
23,Matheus,Coelho,Mini Rex,2022-11-01,Sra. Mariah da Costa,False
24,Pedro Miguel,Pássaro,Calopsita,2011-12-06,Melina Novaes,False
25,Ágatha,Cachorro,Bulldog,2014-08-16,Caroline Câmara,False
26,Maitê,Coelho,Lion Head,2014-06-04,Liam Fernandes,False
27,Isadora,Coelho,Mini Rex,2013-01-11,Dr. Diego Rodrigues,False
28,Gustavo,Gato,Siamês,2021-10-05,Liz Sales,False
29,Maria Eduarda,Pássaro,Papagaio,2016-06-20,Milena Garcia,False
30,Laís,Gato,Persa,2025-02-17,Dr. Oliver Alves,False
31,Maria Flor,Coelho,Mini Rex,2012-10-18,Emilly Rios,False
32,Nina,Cachorro,Labrador,2016-01-18,Emilly Barbosa,False
33,Elisa,Gato,SRD,2019-05-10,Isabella Sá,False
34,Vinicius,Pássaro,Canário,2022-08-04,Rael Novais,False
35,Daniela,Coelho,Angorá Inglês,2018-04-23,Giovanna Cunha,False
36,Davi Lucas,Pássaro,Papagaio,2014-02-21,Sr. Paulo Cunha,False
37,Evelyn,Pássaro,Calopsita,2011-07-17,Mariana Vasconcelos,False
38,Samuel,Gato,Maine Coon,2018-04-19,Ravi Moraes,False
39,Mirella,Gato,Siamês,2023-08-18,Maria Helena Carvalho,False
40,Liam,Coelho,Angorá Inglês,2021-10-09,Carolina Cunha,False
41,Alexia,Gato,SRD,2022-04-04,Dra. Nina Rodrigues,False
42,Ana Vitória,Gato,Maine Coon,2017-06-11,Dr. Marcelo Farias,False
43,Ana,Gato,Persa,2021-12-23,Lavínia Castro,False
44,Asafe,Gato,Persa,2012-09-10,Ana Vitória da Luz,False
45,Vitor Hugo,Cachorro,Poodle,2014-01-31,Sophie Ferreira,False
46,Isaac,Coelho,Lion Head,2019-03-02,Valentina Câmara,False
47,Pedro,Gato,Maine Coon,2014-11-23,Pedro Lucas Souza,False
48,Luiz Gustavo,Coelho,Lion Head,2018-05-30,Samuel Rocha,False
49,Alexia,Gato,Angorá,2011-08-17,Srta. Ana Luiza Costela,False
50,Ana Carolina,Cachorro,Bulldog,2011-12-31,Ana Liz Viana,False
51,Elisa,Gato,Angorá,2018-03-24,Milena Silva,False
52,Davi Lucas,Pássaro,Periquito,2018-05-25,Henrique Azevedo,False
53,Apollo,Gato,Siamês,2018-10-13,José Mendes,False
54,Isadora,Gato,Maine Coon,2013-03-13,Lavínia Novaes,False
55,Matheus,Cachorro,Vira-lata,2011-06-12,João Guilherme Montenegro,False
56,Camila,Coelho,Mini Rex,2022-12-21,Ana Carolina Leão,False
57,Maria Alice,Gato,Persa,2014-10-01,Maria Laura Santos,False
58,Lucas,Pássaro,Canário,2022-07-22,Luiz Miguel da Mata,False
59,Luiza,Gato,Maine Coon,2010-11-09,Maria Luiza Cassiano,False
60,Luiz Fernando,Pássaro,Periquito,2020-11-29,Augusto Campos,False
61,Marcelo,Cachorro,Pastor Alemão,2024-05-06,João Guilherme da Rosa,False
62,Paulo,Coelho,Mini Rex,2020-08-27,Dr. Nicolas Novaes,False
63,Bruna,Cachorro,Bulldog,2011-11-01,João Gabriel Pinto,False
64,Maria Vitória,Gato,Angorá,2019-05-09,Nicolas Sales,False
65,Melissa,Cachorro,Bulldog,2014-09-09,Yuri Brito,False
66,Juan,Cachorro,Pastor Alemão,2013-08-19,Dante Pires,False
67,Marina,Gato,Angorá,2018-09-30,Rael Pereira,False
68,João Gabriel,Gato,Angorá,2018-09-22,Sr. Pietro da Rosa,False
69,Julia,Gato,SRD,2014-04-10,Dra. Ester Castro,False
70,Alexia,Pássaro,Calopsita,2014-12-06,Ester Novaes,False
71,Luiz Miguel,Cachorro,Labrador,2016-01-22,Ana Beatriz Mendonça,False
72,Kevin,Coelho,Angorá Inglês,2012-09-02,Ana Liz Gonçalves,False
73,Milena,Cachorro,Bulldog,2018-07-26,Clara Pastor,False
74,Julia,Coelho,Mini Rex,2014-12-07,Danilo Carvalho,False
75,Enzo,Pássaro,Calopsita,2012-01-23,Emilly Brito,False
76,Zoe,Pássaro,Periquito,2021-06-26,Juliana Pimenta,False
77,Carolina,Cachorro,Poodle,2020-08-14,Maria Eduarda Gomes,False
78,Josué,Pássaro,Periquito,2015-12-04,Sra. Isis Correia,False
79,Joaquim,Gato,Maine Coon,2012-04-19,Dr. Antônio da Mata,False
80,João,Coelho,Mini Rex,2012-12-12,Agatha Gomes,False
81,Isaac,Pássaro,Calopsita,2023-07-24,Sara Mendes,False
82,Valentim,Pássaro,Periquito,2023-05-29,Dra. Stella Jesus,False
83,Juan,Coelho,Mini Rex,2020-12-03,Pedro Moraes,False
84,Luigi,Cachorro,Bulldog,2011-04-08,Vitor Hugo Macedo,False
85,Theodoro,Coelho,Holland Lop,2013-12-27,Nicolas Abreu,False
86,Diego,Gato,Angorá,2022-01-31,Diogo Sales,False
87,Mateus,Pássaro,Papagaio,2011-03-26,Theodoro Machado,False
88,Lavínia,Cachorro,Poodle,2011-10-16,Stephany Lopes,False
89,Emanuella,Gato,Maine Coon,2023-05-02,Lunna Melo,False
90,Anthony,Pássaro,Calopsita,2014-11-26,Nathan Aparecida,False
91,Mariah,Pássaro,Papagaio,2018-04-28,Ravy Santos,False
92,Maysa,Coelho,Holland Lop,2016-05-06,Yago Siqueira,False
93,Stephany,Coelho,Lion Head,2018-11-03,Daniela Fogaça,False
94,Cecília,Cachorro,Pastor Alemão,2014-04-10,Bruna Vasconcelos,False
95,Matheus,Gato,Maine Coon,2017-06-19,Benicio Souza,False
96,João,Cachorro,Poodle,2019-09-10,Luiz Gustavo Andrade,False
97,Valentina,Cachorro,Bulldog,2022-12-10,Maria Julia Ferreira,False
98,Isadora,Coelho,Holland Lop,2017-12-02,Brayan Guerra,False
99,Thomas,Gato,Persa,2015-04-09,Daniela Souza,False
100,Pietro,Gato,SRD,2015-07-26,Clara Garcia,False
101,Maria Luísa,Coelho,Angorá Inglês,2021-12-25,Enzo Gabriel Santos,False
102,Luana,Gato,Persa,2015-11-28,Olívia Jesus,False
103,Zoe,Cachorro,Pastor Alemão,2019-10-17,Beatriz Rezende,False
104,Rebeca,Coelho,Angorá Inglês,2024-12-22,Alexia Dias,False
105,Ana Júlia,Gato,Persa,2011-09-08,Nathan Castro,False
106,Ravi Lucca,Coelho,Holland Lop,2011-04-28,Aylla da Costa,False
107,Maria Vitória,Coelho,Angorá Inglês,2018-03-08,Emanuella Cavalcante,False
108,Luana,Cachorro,Poodle,2017-06-08,Benicio Sá,False
109,Maysa,Gato,SRD,2011-07-27,Larissa Pastor,False
110,Maria Liz,Pássaro,Papagaio,2014-05-13,Brayan da Paz,False
111,Maria Laura,Gato,Siamês,2023-12-17,Isis Ramos,False
112,Lucca,Coelho,Mini Rex,2017-12-16,Ester Pires,False
113,Ayla,Pássaro,Calopsita,2013-03-02,Josué Castro,False
114,Henry,Coelho,Mini Rex,2022-09-16,Vitor Gabriel Freitas,False
115,Kamilly,Gato,Angorá,2015-01-24,Noah Macedo,False
116,Felipe,Pássaro,Calopsita,2025-06-14,Evelyn Novais,False
117,Arthur Gabriel,Coelho,Mini Rex,2022-08-24,Stella Leão,False
118,Alana,Pássaro,Papagaio,2018-11-06,Eduarda Cunha,False
119,Liam,Coelho,Mini Rex,2015-01-12,Letícia Garcia,False
120,Cauê,Cachorro,Poodle,2015-02-26,Olívia Martins,False
121,Sophia,Pássaro,Calopsita,2015-08-24,Sra. Bruna Lima,False
122,Bianca,Pássaro,Periquito,2011-10-22,Isis Porto,False
123,Lívia,Pássaro,Papagaio,2020-02-03,Eloah Garcia,False
124,Antony,Cachorro,Poodle,2016-06-29,Rodrigo Nascimento,False
125,Maria Luísa,Coelho,Holland Lop,2012-02-18,Davi Miguel Machado,False
126,Paulo,Gato,Siamês,2023-12-04,Hellena Teixeira,False
127,Levi,Gato,Maine Coon,2014-06-02,Luiz Otávio Aparecida,False
128,Diogo,Gato,Persa,2018-08-21,Asafe Teixeira,False
129,Nicole,Cachorro,Bulldog,2014-01-24,Olívia Pinto,False
130,Davi Lucca,Gato,Angorá,2011-04-30,André Moura,False
131,Gabriel,Pássaro,Periquito,2016-05-15,Sofia Albuquerque,False
132,Maya,Pássaro,Canário,2017-02-19,Lavínia Cavalcante,False
133,Pietra,Pássaro,Canário,2012-08-30,Ana Lívia Fonseca,False
134,Eduardo,Pássaro,Papagaio,2012-04-29,Anthony Siqueira,False
135,Ana,Gato,SRD,2013-10-11,Isabela Nascimento,False
136,Lorenzo,Coelho,Lion Head,2023-06-08,Isaque Lopes,False
137,Jade,Coelho,Mini Rex,2014-03-05,Davi Miguel das Neves,False
138,Ravi Lucca,Gato,SRD,2017-07-23,Amanda Cassiano,False
139,Erick,Gato,Siamês,2025-08-14,Maria Flor Caldeira,False
140,Eloá,Gato,Maine Coon,2023-03-24,Srta. Maria Vitória Fernandes,False
141,Juan,Pássaro,Periquito,2020-05-27,Bryan Silveira,False
142,Laís,Coelho,Angorá Inglês,2020-06-21,Ana Lívia Macedo,False
143,Raquel,Cachorro,Poodle,2021-12-13,Ana Vitória Almeida,False
144,Olívia,Cachorro,Vira-lata,2018-11-09,Vitória Duarte,False
145,Maria Julia,Cachorro,Poodle,2012-06-09,Carlos Eduardo Almeida,False
146,Maria Liz,Pássaro,Calopsita,2016-02-17,Lucca Nogueira,False
147,Ana Carolina,Pássaro,Calopsita,2016-05-29,Letícia Pacheco,False
148,Daniel,Coelho,Mini Rex,2014-01-25,Maya Azevedo,False
149,Davi Lucas,Pássaro,Periquito,2017-02-11,Ravi Pastor,False
150,Renan,Pássaro,Canário,2015-11-03,Isabella Sampaio,False
151,Leandro,Gato,SRD,2021-11-08,Sr. Davi Pimenta,False
152,Sarah,Pássaro,Papagaio,2020-04-26,Rhavi da Paz,False
153,Henry Gabriel,Cachorro,Labrador,2020-08-17,Noah Campos,False
154,Vinicius,Coelho,Holland Lop,2018-02-05,Ana Júlia Melo,False
155,Gabrielly,Coelho,Angorá Inglês,2012-08-31,Mariah Carvalho,False
156,Josué,Cachorro,Bulldog,2011-01-30,Melissa Moura,False
157,Arthur Gabriel,Coelho,Holland Lop,2018-02-22,Marcelo da Costa,False
158,Brenda,Gato,Maine Coon,2016-09-19,Manuella Garcia,False
159,Benício,Cachorro,Bulldog,2011-07-09,Ana Carolina Sales,False
160,Ana Clara,Coelho,Holland Lop,2014-02-26,Esther Gonçalves,False
161,Lunna,Pássaro,Periquito,2015-12-20,Enzo Rios,False
162,Rafaela,Cachorro,Pastor Alemão,2022-03-11,Fernando Pimenta,False
163,Gabriela,Pássaro,Calopsita,2013-08-28,Lívia Barbosa,False
164,Pietra,Gato,SRD,2022-11-25,Sra. Isis Vieira,False
165,Brenda,Coelho,Mini Rex,2017-08-18,José Moraes,False
166,Melina,Gato,Siamês,2013-12-02,Caio Pinto,False
167,Cauã,Cachorro,Bulldog,2013-07-09,Levi Cardoso,False
168,Laís,Pássaro,Papagaio,2014-08-10,Raquel Siqueira,False
169,Isabela,Cachorro,Poodle,2015-02-15,Jade Leão,False
170,Alana,Gato,SRD,2024-07-16,Letícia Teixeira,False
171,Yuri,Cachorro,Labrador,2021-02-12,Rodrigo Marques,False
172,Danilo,Coelho,Mini Rex,2024-08-08,Maria Cecília da Cunha,False
173,João Guilherme,Cachorro,Bulldog,2020-11-03,Gael Ribeiro,False
174,Igor,Pássaro,Periquito,2015-07-30,Ana Clara Abreu,False
175,Maria Isis,Gato,Siamês,2016-05-21,Dr. Anthony Mendes,False
176,Clarice,Pássaro,Papagaio,2016-11-16,Dra. Marcela Viana,False
177,Joana,Coelho,Angorá Inglês,2012-09-12,Ana Clara Cavalcanti,False
178,Caio,Pássaro,Periquito,2025-03-31,Dra. Rebeca Peixoto,False
179,Beatriz,Gato,Maine Coon,2022-12-19,Danilo Rocha,False
180,Calebe,Coelho,Lion Head,2018-06-21,Arthur Miguel Siqueira,False
181,Lucca,Gato,Maine Coon,2024-10-31,Luiz Gustavo Nunes,False
182,Alana,Gato,Angorá,2011-12-09,Bianca Sales,False
183,Davi,Pássaro,Periquito,2019-05-01,Cecilia Teixeira,False
184,Henrique,Coelho,Holland Lop,2021-05-19,Mariah Leão,False
185,Yan,Gato,Persa,2024-06-23,Isadora Mendes,False
186,Eduarda,Pássaro,Canário,2015-08-09,Antony Pacheco,False
187,Gael,Cachorro,Labrador,2020-05-14,Davi Luiz Peixoto,False
188,Agatha,Coelho,Lion Head,2011-04-01,Lívia Vasconcelos,False
189,Arthur Gabriel,Pássaro,Papagaio,2024-01-17,Dra. Nina Vasconcelos,False
190,Melina,Pássaro,Calopsita,2015-07-08,Yago da Cruz,False
191,Diego,Cachorro,Poodle,2014-05-07,Isabelly Aragão,False
192,Bárbara,Cachorro,Bulldog,2023-10-30,Sr. Rafael Cirino,False
193,Lucas Gabriel,Gato,Angorá,2018-01-01,Letícia Rios,False
194,Ana Sophia,Pássaro,Papagaio,2023-01-15,Lunna Fogaça,False
195,Gustavo,Coelho,Angorá Inglês,2014-04-08,Elisa Pinto,False
196,Luan,Coelho,Mini Rex,2018-06-03,Emanuella Novaes,False
197,Yago,Pássaro,Periquito,2014-05-04,Heloisa Costela,False
198,Carolina,Pássaro,Periquito,2022-08-25,Luiz Felipe Cavalcante,False
199,Isabella,Coelho,Lion Head,2025-07-05,Allana da Costa,False
200,Paulo,Cachorro,Vira-lata,2020-02-14,Caroline Rios,False
201,Ísis,Pássaro,Papagaio,2022-07-25,Eloá Costa,False
202,Kaique,Cachorro,Bulldog,2017-10-15,Catarina Ramos,False
203,Davi Luiz,Coelho,Holland Lop,2012-01-07,Gabrielly Albuquerque,False
204,Murilo,Gato,Maine Coon,2015-08-11,Isabel Moraes,False
205,Maria Helena,Cachorro,Bulldog,2021-11-08,Maria Júlia Ramos,False
206,Olívia,Pássaro,Canário,2017-04-12,Benjamim Pinto,False
207,Juliana,Pássaro,Canário,2014-07-10,Jade Correia,False
208,Lucas,Pássaro,Canário,2019-06-29,Lucas Gabriel Araújo,False
209,Lívia,Cachorro,Vira-lata,2019-02-07,Srta. Stella Viana,False
210,Clara,Coelho,Angorá Inglês,2023-01-31,Davi Luiz da Conceição,False
211,Vinícius,Cachorro,Labrador,2012-04-03,Mathias Cassiano,False
212,Sophie,Cachorro,Vira-lata,2014-11-26,Maria Flor Ribeiro,False
213,Ryan,Coelho,Holland Lop,2015-05-24,Lorena Aparecida,False
214,Thales,Coelho,Mini Rex,2012-09-29,Vitor Gabriel Ferreira,False
215,Anna Liz,Cachorro,Pastor Alemão,2017-07-06,Rodrigo Araújo,False
216,Pietra,Pássaro,Papagaio,2020-06-16,Sarah Rezende,False
217,Matheus,Gato,Angorá,2025-06-16,Esther da Rosa,False
218,Erick,Coelho,Holland Lop,2011-03-21,Brayan Rios,False
219,Maria Cecília,Cachorro,Pastor Alemão,2012-08-06,Lucas Silveira,False
220,Gabriela,Pássaro,Papagaio,2020-09-12,Kevin Albuquerque,False
221,Pedro,Gato,Maine Coon,2022-01-28,Ryan Câmara,False
222,Ana Julia,Cachorro,Pastor Alemão,2025-09-22,Letícia Novais,False
223,Leonardo,Gato,Maine Coon,2019-12-15,Rebeca da Cruz,False
224,Diogo,Cachorro,Pastor Alemão,2024-04-15,Enzo Gabriel Casa Grande,False
225,Allana,Pássaro,Calopsita,2020-10-23,Nicole Dias,False
226,Pedro Henrique,Cachorro,Pastor Alemão,2021-12-21,Raquel Campos,False
227,Eduarda,Gato,Maine Coon,2024-01-16,Sr. Josué Marques,False
228,Maria Liz,Gato,Siamês,2015-07-26,Davi Lucas Gonçalves,False
229,Emanuel,Pássaro,Canário,2016-09-02,Pietro Lima,False
230,Beatriz,Coelho,Angorá Inglês,2013-04-18,Fernanda Almeida,False
231,Paulo,Pássaro,Calopsita,2015-10-30,Gustavo Henrique Siqueira,False
232,Davi,Gato,Angorá,2016-03-30,Hellena Fogaça,False
233,Arthur Miguel,Pássaro,Periquito,2022-07-20,Kamilly da Rocha,False
234,Stella,Cachorro,Vira-lata,2015-09-08,Ana Júlia Costela,False
235,Lucas,Pássaro,Calopsita,2024-08-19,Manuella Silva,False
236,Marina,Cachorro,Bulldog,2011-01-10,Gael Henrique Marques,False
237,Allana,Gato,SRD,2018-06-17,Vicente Barbosa,False
238,Erick,Gato,Maine Coon,2022-08-18,Nicole Marques,False
239,Heloisa,Gato,Siamês,2024-02-08,Francisco Duarte,False
240,Allana,Pássaro,Calopsita,2012-07-10,Hellena Cavalcante,False
241,José Miguel,Cachorro,Pastor Alemão,2025-04-12,Hellena Barros,False
242,Isis,Cachorro,Labrador,2024-05-02,Eduardo Aparecida,False
243,Enzo,Coelho,Holland Lop,2013-03-09,Larissa Araújo,False
244,Marcela,Pássaro,Papagaio,2011-04-24,Eloah Souza,False
245,Leandro,Pássaro,Calopsita,2023-10-02,Sara Fonseca,False
246,Theo,Gato,Siamês,2012-12-11,Luna Cardoso,False
247,Lucas,Cachorro,Vira-lata,2020-06-08,Benjamim Pinto,False
248,Laís,Gato,Angorá,2020-01-14,Dra. Hadassa Peixoto,False
249,Heloísa,Pássaro,Papagaio,2025-07-29,Emanuella Nogueira,False
250,Gabriel,Cachorro,Pastor Alemão,2013-04-21,Ana Liz Silva,False
251,Olívia,Cachorro,Poodle,2024-04-18,Maitê Teixeira,False
252,Pietra,Cachorro,Labrador,2011-02-10,Lorena Pereira,False
253,Olívia,Coelho,Angorá Inglês,2017-03-30,Marcela Carvalho,False
254,Gustavo Henrique,Cachorro,Vira-lata,2023-12-17,Ravi Lucca Carvalho,False
255,Ester,Cachorro,Pastor Alemão,2023-10-23,Bernardo Abreu,False
256,Hadassa,Coelho,Mini Rex,2018-05-02,Igor Moura,False
257,Maya,Coelho,Holland Lop,2024-02-17,Eduardo Correia,False
258,Maysa,Cachorro,Vira-lata,2013-01-01,Maria Eduarda Sá,False
259,João Miguel,Pássaro,Papagaio,2012-09-16,Camila da Mota,False
260,Matteo,Coelho,Angorá Inglês,2018-05-07,Antonella da Rocha,False
261,Luiz Otávio,Coelho,Mini Rex,2021-04-14,Dr. Arthur Miguel Novais,False
262,Maria Júlia,Pássaro,Papagaio,2017-07-11,Ian Gonçalves,False
263,Theodoro,Cachorro,Vira-lata,2023-04-14,Agatha Silva,False
264,Rodrigo,Cachorro,Labrador,2025-08-26,Mariane Duarte,False
265,João Guilherme,Cachorro,Pastor Alemão,2012-05-28,Luiz Otávio Fernandes,False
266,Carolina,Coelho,Lion Head,2019-12-27,Isabela Albuquerque,False
267,Gustavo Henrique,Pássaro,Periquito,2020-03-06,Giovanna Souza,False
268,Maria Sophia,Gato,Siamês,2010-12-17,Maria Alice Cavalcanti,False
269,Marcela,Coelho,Holland Lop,2017-02-17,Danilo Gomes,False
270,Davi,Pássaro,Papagaio,2024-09-03,Cauê Moura,False
271,Mirella,Gato,SRD,2016-08-22,Luiz Henrique Borges,False
272,Renan,Cachorro,Vira-lata,2018-07-22,Letícia Ramos,False
273,Davi Lucas,Coelho,Holland Lop,2016-08-14,Calebe Guerra,False
274,Lunna,Gato,Persa,2019-07-21,Sra. Luara Sá,False
275,Luana,Coelho,Lion Head,2019-05-31,Sr. Ravi Lima,False
276,Thiago,Gato,SRD,2018-07-20,Srta. Maitê Guerra,False
277,Heloisa,Pássaro,Papagaio,2015-03-07,Eduardo Vasconcelos,False
278,Benjamin,Cachorro,Labrador,2024-12-03,Nathan Andrade,False
279,Luana,Pássaro,Periquito,2025-03-05,Dr. Carlos Eduardo Silva,False
280,Marina,Coelho,Mini Rex,2019-07-12,Davi Lucca da Rosa,False
281,Danilo,Coelho,Mini Rex,2019-05-05,Arthur Miguel da Costa,False
282,Marcelo,Cachorro,Pastor Alemão,2014-09-06,Isabela Cavalcante,False
283,Otto,Pássaro,Papagaio,2023-01-02,Cecília Ribeiro,False
284,Luiz Henrique,Pássaro,Periquito,2023-11-29,Marina Martins,False
285,Benicio,Coelho,Mini Rex,2020-10-09,Maria Flor Carvalho,False
286,Mariane,Pássaro,Calopsita,2022-08-11,Lucca Moura,False
287,Caio,Gato,SRD,2024-10-23,Srta. Vitória Rodrigues,False
288,Esther,Pássaro,Papagaio,2020-02-11,Pedro Miguel Carvalho,False
289,Maria,Pássaro,Calopsita,2013-05-01,Dra. Lorena Vasconcelos,False
290,Marina,Coelho,Mini Rex,2025-10-09,Srta. Alana Araújo,False
291,Esther,Gato,SRD,2021-06-23,Lorenzo Barros,False
292,Theodoro,Gato,Angorá,2022-03-02,Lucca Cavalcanti,False
293,Maya,Cachorro,Labrador,2024-06-25,Asafe Lopes,False
294,Emanuel,Cachorro,Pastor Alemão,2012-05-30,Calebe da Conceição,False
295,Eduarda,Pássaro,Periquito,2024-01-03,Srta. Vitória Casa Grande,False
296,Elisa,Pássaro,Papagaio,2018-11-14,Sr. Léo Rios,False
297,Allana,Cachorro,Labrador,2015-12-13,Sra. Lívia Jesus,False
298,Maria Júlia,Coelho,Lion Head,2021-04-12,Diego Rocha,False
299,Sabrina,Pássaro,Canário,2011-09-11,Dr. Emanuel Porto,False
300,Henrique,Coelho,Mini Rex,2012-07-26,Dr. Vitor Martins,False
301,Davi Lucca,Cachorro,Vira-lata,2025-04-04,Hadassa Rios,False
302,Noah,Cachorro,Bulldog,2013-12-10,Ana Lívia Câmara,False
303,Henry Gabriel,Gato,Persa,2015-06-08,Srta. Maria Flor Borges,False
304,Rafael,Cachorro,Labrador,2018-02-01,Maitê Rodrigues,False
305,Alexandre,Cachorro,Pastor Alemão,2022-04-16,Antony da Rosa,False
306,Ana Clara,Coelho,Angorá Inglês,2023-02-12,Carolina Silva,False
307,Maria Luiza,Coelho,Angorá Inglês,2018-09-25,Rhavi Vieira,False
308,Brayan,Coelho,Mini Rex,2020-03-21,Vinicius Correia,False
309,Pedro Miguel,Pássaro,Periquito,2018-01-26,Vinicius Sales,False
310,Giovanna,Cachorro,Labrador,2013-02-08,Isabel Viana,False
311,Henrique,Gato,Siamês,2011-09-28,Mariane Peixoto,False
312,Benjamim,Cachorro,Bulldog,2024-11-11,Aylla Abreu,False
313,Eduardo,Pássaro,Papagaio,2017-03-08,Nathan Garcia,False
314,Pedro Lucas,Cachorro,Vira-lata,2011-06-22,Heloisa Lopes,False
315,Ana,Pássaro,Periquito,2015-12-17,Isaac Sá,False
316,Helena,Pássaro,Periquito,2017-08-27,Melissa Borges,False
317,Luiz Miguel,Cachorro,Pastor Alemão,2023-03-31,Laís Dias,False
318,Felipe,Coelho,Holland Lop,2017-03-13,Caroline Nogueira,False
319,Lívia,Gato,Angorá,2021-04-09,Allana Lima,False
320,Giovanna,Pássaro,Canário,2012-04-04,Kaique Mendes,False
321,Heloísa,Coelho,Lion Head,2025-01-31,Antônio Albuquerque,False
322,Luiz Otávio,Gato,Siamês,2018-02-10,Luana Jesus,False
323,Danilo,Coelho,Holland Lop,2017-08-18,João Miguel Macedo,False
324,Ana Beatriz,Coelho,Angorá Inglês,2024-06-18,Ana Liz Correia,False
325,Liz,Pássaro,Calopsita,2022-01-02,Sra. Rebeca Barros,False
326,Rael,Coelho,Lion Head,2020-06-14,Marcela Pires,False
327,Henry,Gato,Siamês,2011-12-20,Hellena Pinto,False
328,Ana Julia,Cachorro,Pastor Alemão,2016-12-06,Srta. Laura da Rosa,False
329,Ana Clara,Coelho,Angorá Inglês,2015-05-22,Isabella Novaes,False
330,Lucas,Coelho,Mini Rex,2012-11-26,Jade Silva,False
331,Danilo,Coelho,Holland Lop,2013-02-28,Ravi Teixeira,False
332,Eloah,Cachorro,Vira-lata,2021-01-27,Dr. Davi Miguel Pinto,False
333,João Pedro,Cachorro,Pastor Alemão,2021-09-17,Ana Luiza Novaes,False
334,Luana,Coelho,Angorá Inglês,2019-10-21,Ana Sophia Pereira,False
335,Hadassa,Cachorro,Vira-lata,2011-12-13,Davi Vieira,False
336,Marina,Pássaro,Periquito,2025-01-02,Heloisa Ferreira,False
337,Marina,Cachorro,Bulldog,2015-01-17,Pietra Fernandes,False
338,Vitor,Cachorro,Poodle,2012-09-24,Benjamim Casa Grande,False
339,Hadassa,Pássaro,Periquito,2013-07-04,Sara da Luz,False
340,Thomas,Gato,SRD,2014-08-19,Larissa Souza,False
341,Lucas,Coelho,Holland Lop,2017-05-10,Théo Brito,False
342,Luiz Miguel,Cachorro,Bulldog,2012-06-11,Maria Luísa Gomes,False
343,Luiz Otávio,Coelho,Angorá Inglês,2022-03-10,Beatriz Correia,False
344,Carlos Eduardo,Gato,Siamês,2012-02-27,Sra. Alice Nogueira,False
345,Vinícius,Coelho,Lion Head,2015-03-26,Isabella Cunha,False
346,Danilo,Gato,SRD,2023-09-02,Lucca Novaes,False
347,Maria Alice,Coelho,Lion Head,2025-03-28,Sr. Bento Melo,False
348,Isaac,Coelho,Mini Rex,2023-03-20,Alícia Moura,False
349,Brenda,Cachorro,Poodle,2020-07-24,Dr. Benjamim Barbosa,False
350,Arthur Miguel,Coelho,Mini Rex,2011-07-23,Camila Moura,False
351,Ana Luiza,Cachorro,Bulldog,2014-03-03,Maria Vitória Cavalcanti,False
352,Isabel,Coelho,Mini Rex,2014-03-30,Srta. Kamilly Albuquerque,False
353,Gabrielly,Cachorro,Labrador,2014-11-12,Anthony Gabriel Cardoso,False
354,Vinícius,Gato,Siamês,2010-12-12,Thomas Moreira,False
355,Carlos Eduardo,Pássaro,Canário,2017-04-03,Dra. Sophia Nogueira,False
356,Luiz Miguel,Cachorro,Labrador,2024-08-02,Igor Teixeira,False
357,Dom,Pássaro,Canário,2021-02-18,José Pedro Viana,False
358,Felipe,Pássaro,Papagaio,2013-03-07,Vinicius Jesus,False
359,Maria Fernanda,Coelho,Holland Lop,2014-05-29,Ana Sophia Vieira,False
360,Cauã,Cachorro,Vira-lata,2011-02-09,Dante Costela,False
361,Benicio,Pássaro,Periquito,2018-09-02,Dr. Henrique Duarte,False
362,Anna Liz,Coelho,Lion Head,2013-05-15,Nicole Cirino,False
363,Vitor Gabriel,Gato,Persa,2014-03-16,Maria Laura Araújo,False
364,Ana Vitória,Pássaro,Calopsita,2024-10-22,Valentim da Mota,False
365,Ana Beatriz,Coelho,Holland Lop,2015-11-30,Sra. Isabella da Mata,False
366,Isabelly,Coelho,Mini Rex,2020-08-08,Davi Luiz Pereira,False
367,Olivia,Gato,Persa,2013-05-17,Dra. Maria Cecília Leão,False
368,Beatriz,Pássaro,Canário,2016-02-17,Maria Laura Azevedo,False
369,João Guilherme,Cachorro,Bulldog,2017-02-17,Nicolas Rezende,False
370,Bruno,Pássaro,Canário,2019-09-12,João Pedro Costa,False
371,Sara,Cachorro,Vira-lata,2017-01-24,Agatha Siqueira,False
372,Raquel,Coelho,Holland Lop,2019-07-18,João Miguel da Luz,False
373,Luara,Pássaro,Papagaio,2012-03-08,Asafe da Mata,False
374,Eduarda,Coelho,Holland Lop,2014-09-30,Vitor Gabriel Brito,False
375,Yasmin,Cachorro,Bulldog,2016-11-03,Dr. Rafael Aparecida,False
376,Marina,Gato,Angorá,2017-09-17,Rebeca Brito,False
377,Maya,Pássaro,Canário,2011-10-27,Dr. Samuel Camargo,False
378,Henrique,Coelho,Angorá Inglês,2025-03-25,Valentim Camargo,False
379,Noah,Coelho,Mini Rex,2018-10-19,João Nascimento,False
380,Eduarda,Cachorro,Vira-lata,2012-05-21,Ana Júlia Lopes,False
381,Bryan,Pássaro,Periquito,2016-01-05,Pedro Lucas Vieira,False
382,Stella,Cachorro,Pastor Alemão,2012-12-01,Alícia Novaes,False
383,Ana Julia,Pássaro,Periquito,2024-10-10,Yasmin Cunha,False
384,Camila,Coelho,Holland Lop,2019-04-25,Clarice Guerra,False
385,Josué,Coelho,Lion Head,2015-05-25,Igor Castro,False
386,Mariah,Pássaro,Canário,2023-06-23,Nina Abreu,False
387,Rafaela,Coelho,Holland Lop,2013-05-31,Srta. Valentina Pimenta,False
388,José Miguel,Coelho,Holland Lop,2022-02-24,Leandro Rodrigues,False
389,Pedro Henrique,Gato,Angorá,2012-06-04,Benjamim Marques,False
390,Ana Laura,Coelho,Angorá Inglês,2011-07-20,Noah Lopes,False
391,Luna,Cachorro,Bulldog,2018-12-19,Emilly Castro,False
392,Asafe,Cachorro,Vira-lata,2017-12-29,Elisa Fogaça,False
393,Gael,Gato,SRD,2023-10-26,Thomas Novais,False
394,Davi Lucca,Cachorro,Pastor Alemão,2017-12-21,Maria Helena da Cunha,False
395,Nathan,Pássaro,Periquito,2012-02-27,Ester Pinto,False
396,João Vitor,Gato,Siamês,2024-12-13,Ravi Lucca Marques,False
397,Arthur,Coelho,Mini Rex,2021-03-25,Mateus da Luz,False
398,Henry Gabriel,Pássaro,Canário,2024-06-10,Marcelo Teixeira,False
399,Luigi,Coelho,Lion Head,2021-09-23,Beatriz Rocha,False
400,Alexia,Coelho,Angorá Inglês,2012-10-08,Sophie Sá,False
401,Clara,Cachorro,Labrador,2012-04-23,Leandro Moura,False
402,Manuella,Gato,Persa,2012-04-12,Pedro Lucas Vasconcelos,False
403,Luiz Otávio,Pássaro,Calopsita,2012-04-09,Srta. Letícia Guerra,False
404,Carlos Eduardo,Gato,SRD,2013-03-10,Luiz Felipe Costa,False
405,Anthony Gabriel,Coelho,Angorá Inglês,2019-01-11,Sra. Luana da Cunha,False
406,João,Gato,SRD,2024-12-24,Rhavi da Conceição,False
407,Caleb,Pássaro,Canário,2012-06-02,Sr. Henrique Caldeira,False
408,Emanuella,Pássaro,Papagaio,2024-05-16,Marcos Vinicius Souza,False
409,Felipe,Pássaro,Canário,2017-03-12,Danilo Campos,False
410,Fernanda,Cachorro,Labrador,2020-09-23,Pedro Lucas das Neves,False
411,Luna,Pássaro,Calopsita,2022-09-14,Stella Sousa,False
412,Leandro,Gato,SRD,2020-05-13,Luana Brito,False
413,Emilly,Gato,Angorá,2011-09-22,Caroline Machado,False
414,Maria Alice,Cachorro,Bulldog,2011-09-17,Sra. Sofia Farias,False
415,Maria Luísa,Pássaro,Canário,2014-02-19,Bryan Melo,False
416,Gael Henrique,Cachorro,Vira-lata,2013-08-09,Helena Gonçalves,False
417,Enzo,Pássaro,Periquito,2013-03-01,Renan Jesus,False
418,Anthony Gabriel,Cachorro,Poodle,2011-03-21,Anthony Martins,False
419,Maria Alice,Gato,Siamês,2017-05-02,Rodrigo Pereira,False
420,Anthony,Coelho,Angorá Inglês,2018-01-24,Pedro Miguel Pacheco,False
421,Agatha,Coelho,Holland Lop,2011-02-24,Clara Guerra,False
422,Isadora,Coelho,Angorá Inglês,2011-07-07,Sr. Yago Ferreira,False
423,Mathias,Cachorro,Bulldog,2024-06-29,Luigi Teixeira,False
424,Eloá,Gato,SRD,2022-02-27,Caleb Siqueira,False
425,Lorenzo,Coelho,Holland Lop,2025-04-25,Sr. Oliver Aragão,False
426,Davi Lucca,Gato,Persa,2014-10-28,Maria Júlia Ramos,False
427,Heitor,Gato,Persa,2025-02-08,Maria Liz Aparecida,False
428,Luiz Henrique,Pássaro,Papagaio,2013-01-19,Davi Lucca Guerra,False
429,Francisco,Coelho,Mini Rex,2023-04-24,Mariane da Costa,False
430,Maria Luísa,Coelho,Angorá Inglês,2012-01-16,Marcelo Casa Grande,False
431,Liam,Pássaro,Papagaio,2023-11-16,Carlos Eduardo da Luz,False
432,Stephany,Gato,SRD,2016-04-16,Cauã Alves,False
433,Josué,Cachorro,Pastor Alemão,2020-12-25,Isabel Dias,False
434,Paulo,Pássaro,Calopsita,2025-06-19,Dra. Joana Cassiano,False
435,Igor,Cachorro,Bulldog,2011-02-26,Amanda das Neves,False
436,Ana Julia,Cachorro,Labrador,2021-03-23,Ana Júlia Macedo,False
437,João Vitor,Pássaro,Papagaio,2013-05-13,Ryan Sales,False
438,Theo,Gato,Siamês,2025-05-07,Rael Ferreira,False
439,Lavínia,Coelho,Holland Lop,2024-05-31,Dr. Brayan Dias,False
440,Melissa,Cachorro,Bulldog,2016-12-17,Pietra Pimenta,False
441,Maria Fernanda,Coelho,Holland Lop,2025-04-30,Srta. Alice Carvalho,False
442,Amanda,Coelho,Holland Lop,2015-11-09,Noah da Costa,False
443,Igor,Pássaro,Calopsita,2025-07-30,Davi Lucas Cassiano,False
444,Raul,Gato,Maine Coon,2018-03-25,Maria Julia Dias,False
445,João Vitor,Cachorro,Pastor Alemão,2024-07-13,Sr. Lucas Araújo,False
446,Otto,Coelho,Angorá Inglês,2011-02-27,Vitor Silveira,False
447,Melissa,Pássaro,Papagaio,2023-01-13,Davi Miguel Pereira,False
448,Esther,Pássaro,Periquito,2021-08-20,Maria Laura Monteiro,False
449,Arthur Miguel,Pássaro,Papagaio,2016-01-17,Alexia Peixoto,False
450,Ayla,Cachorro,Vira-lata,2013-11-24,Ana Vitória Farias,False
451,Alexandre,Cachorro,Bulldog,2021-10-27,Gustavo Câmara,False
452,Augusto,Cachorro,Bulldog,2023-12-02,Bella Vargas,False
453,Leandro,Pássaro,Calopsita,2015-04-22,Vitor Hugo Araújo,False
454,Luiz Fernando,Cachorro,Pastor Alemão,2013-08-14,Sra. Ana Clara das Neves,False
455,Vitor,Gato,Maine Coon,2023-08-17,Olivia Sá,False
456,Apollo,Gato,Persa,2024-10-25,Marcelo Silveira,False
457,Laura,Gato,Persa,2018-12-11,Vitor Gabriel da Luz,False
458,Henrique,Cachorro,Pastor Alemão,2016-02-19,Kamilly Marques,False
459,Maitê,Coelho,Mini Rex,2024-07-04,Pietra Silveira,False
460,Maria,Coelho,Angorá Inglês,2023-02-23,Mariana Albuquerque,False
461,Antonella,Pássaro,Canário,2018-01-13,Srta. Carolina Sales,False
462,Ana Lívia,Pássaro,Calopsita,2021-01-17,Rafaela Lima,False
463,Asafe,Gato,Maine Coon,2022-04-23,Leandro Gomes,False
464,Mariah,Cachorro,Poodle,2016-03-30,Alícia Martins,False
465,Evelyn,Coelho,Angorá Inglês,2015-01-05,Nina Monteiro,False
466,Natália,Cachorro,Vira-lata,2013-08-20,Srta. Maria Clara Viana,False
467,Maria Júlia,Coelho,Holland Lop,2020-02-03,Henry Gabriel Abreu,False
468,Davi Luiz,Gato,SRD,2015-11-26,Thiago Aparecida,False
469,João Miguel,Coelho,Angorá Inglês,2025-05-11,Lucca Mendes,False
470,Kaique,Pássaro,Canário,2025-02-16,Maria Isis Cunha,False
471,Marcelo,Pássaro,Papagaio,2012-12-14,Melina Câmara,False
472,José,Pássaro,Periquito,2024-03-12,Isabella da Costa,False
473,Pietra,Coelho,Mini Rex,2021-02-22,Hellena Lopes,False
474,Bryan,Cachorro,Bulldog,2014-09-06,Sra. Antonella Pimenta,False
475,Marcelo,Gato,SRD,2020-05-29,Anthony Cavalcanti,False
476,Benício,Pássaro,Periquito,2022-05-17,Joana Alves,False
477,Sarah,Gato,Angorá,2022-01-10,Lucas da Cunha,False
478,Apollo,Coelho,Angorá Inglês,2011-09-02,Antônio Oliveira,False
479,Bento,Cachorro,Bulldog,2012-02-13,Davi Lucas Sampaio,False
480,Ana Cecília,Cachorro,Poodle,2012-05-06,Ana Cecília Barbosa,False
481,Maria Sophia,Pássaro,Periquito,2016-08-02,Carolina Andrade,False
482,Murilo,Gato,SRD,2014-09-14,Sara Camargo,False
483,Alana,Pássaro,Periquito,2014-10-05,Levi da Costa,False
484,Catarina,Coelho,Mini Rex,2020-01-05,Ana Laura Ferreira,False
485,Heloísa,Cachorro,Poodle,2011-04-07,Liam Costela,False
486,Gael Henrique,Pássaro,Periquito,2015-11-01,Vitória Sousa,False
487,Manuela,Cachorro,Vira-lata,2017-06-26,Dra. Ísis Sá,False
488,Enzo Gabriel,Coelho,Holland Lop,2021-09-07,Dr. Dante da Luz,False
489,Mariana,Gato,Angorá,2020-09-05,Gabriel Garcia,False
490,Heloísa,Cachorro,Poodle,2014-05-12,Kevin Nogueira,False
491,Thiago,Coelho,Mini Rex,2013-06-09,Alexia Caldeira,False
492,Nicolas,Cachorro,Bulldog,2025-01-14,Sra. Maitê Mendonça,False
493,Luiz Miguel,Coelho,Lion Head,2020-03-25,Lívia Monteiro,False
494,Raul,Pássaro,Canário,2018-08-16,Noah Abreu,False
495,Ágatha,Pássaro,Papagaio,2013-08-26,Antonella Cardoso,False
496,Luiz Felipe,Gato,SRD,2014-03-26,Igor Novais,False
497,Bruna,Gato,Persa,2015-08-08,Dr. Levi Montenegro,False
498,Vinicius,Gato,Siamês,2018-03-30,Diego Camargo,False
499,Pedro Miguel,Coelho,Angorá Inglês,2020-10-09,José Fonseca,False
500,Vinícius,Gato,Angorá,2022-02-27,Lucas Dias,False
501,Luiz Fernando,Gato,Siamês,2019-11-02,Liz Pereira,False
502,Giovanna,Coelho,Mini Rex,2019-11-23,Sr. Isaque Siqueira,False
503,Bento,Cachorro,Bulldog,2022-06-16,Nathan Guerra,False
504,Augusto,Pássaro,Calopsita,2019-12-11,João Vitor Araújo,False
505,Benjamim,Coelho,Angorá Inglês,2013-01-01,Pedro Lucas Monteiro,False
506,Larissa,Pássaro,Papagaio,2022-02-27,Maria Alice Sá,False
507,Leonardo,Cachorro,Pastor Alemão,2017-08-17,Theo Costa,False
508,Luana,Gato,Maine Coon,2021-05-16,Maria Eduarda da Mata,False
509,Milena,Gato,Angorá,2022-04-04,Eloah Azevedo,False
510,Lucas,Cachorro,Vira-lata,2017-03-30,Sara da Rosa,False
511,Rebeca,Gato,Maine Coon,2021-06-07,Sofia Camargo,False
512,Joaquim,Pássaro,Papagaio,2024-01-07,Ana Júlia Sales,False
513,Pietro,Cachorro,Vira-lata,2025-08-19,Fernanda da Mata,False
514,Bianca,Coelho,Lion Head,2018-12-15,Alana Sá,False
515,Davi Lucca,Coelho,Lion Head,2025-09-15,Théo Melo,False
516,João Pedro,Gato,SRD,2011-04-21,Stella Lima,False
517,Valentim,Cachorro,Vira-lata,2013-07-19,Srta. Alícia Gomes,False
518,Laís,Cachorro,Pastor Alemão,2023-12-05,Dra. Laís Pereira,False
519,Vinicius,Pássaro,Periquito,2017-07-04,Sr. Bryan Costela,False
520,Ana Lívia,Coelho,Angorá Inglês,2015-07-15,Erick da Rocha,False
521,Zoe,Gato,Maine Coon,2025-09-06,Sra. Maria Flor Lopes,False
522,Sarah,Coelho,Angorá Inglês,2014-01-21,Isabella Brito,False
523,Alexia,Coelho,Holland Lop,2017-08-25,Diogo Vasconcelos,False
524,Laura,Pássaro,Periquito,2013-07-17,Cecília Castro,False
525,Gael,Pássaro,Periquito,2014-10-22,Anthony Gabriel Nogueira,False
526,Laís,Cachorro,Pastor Alemão,2021-11-17,Danilo Melo,False
527,Maria Alice,Pássaro,Calopsita,2020-05-29,Asafe Rios,False
528,Dom,Cachorro,Vira-lata,2023-01-02,Sra. Antonella Araújo,False
529,Isis,Pássaro,Calopsita,2022-07-29,Srta. Maria Liz Gonçalves,False
530,Asafe,Coelho,Angorá Inglês,2015-10-01,Luara da Paz,False
531,Arthur Miguel,Pássaro,Periquito,2018-08-03,Sr. Yuri Aragão,False
532,Ravi Lucca,Coelho,Angorá Inglês,2022-02-12,Aylla da Rosa,False
533,Joaquim,Pássaro,Papagaio,2014-05-20,Rhavi Lima,False
534,Luiz Gustavo,Cachorro,Pastor Alemão,2011-08-31,Ravy da Paz,False
535,Aurora,Pássaro,Periquito,2015-09-28,Sr. Gustavo Henrique Ferreira,False
536,Kamilly,Pássaro,Periquito,2017-06-29,Maria Júlia Santos,False
537,Alice,Gato,Persa,2017-12-25,Leonardo Novais,False
538,Pietra,Pássaro,Periquito,2025-03-20,Emanuella Machado,False
539,Sarah,Pássaro,Calopsita,2017-09-17,Gabrielly Cirino,False
540,Maria Fernanda,Coelho,Holland Lop,2020-05-11,Isabela Monteiro,False
541,Lunna,Coelho,Angorá Inglês,2016-09-26,Luigi Leão,False
542,Luna,Cachorro,Bulldog,2017-11-15,Olívia Freitas,False
543,Aylla,Coelho,Angorá Inglês,2015-02-24,Leonardo Moreira,False
544,Ana Vitória,Cachorro,Bulldog,2017-11-12,Stella Costa,False
545,Milena,Cachorro,Bulldog,2011-02-15,Levi Mendes,False
546,Kevin,Cachorro,Labrador,2020-10-17,Maria Julia Santos,False
547,Maria Alice,Cachorro,Pastor Alemão,2022-09-13,Maria Cecília Correia,False
548,João Gabriel,Gato,SRD,2022-11-23,Anthony Gabriel das Neves,False
549,Matteo,Gato,Maine Coon,2016-12-08,Maria Cecília Rocha,False
550,Giovanna,Coelho,Mini Rex,2015-01-08,Davi Lucca Azevedo,False
551,Isadora,Pássaro,Papagaio,2025-01-27,Antônio Sá,False
552,Isaac,Cachorro,Pastor Alemão,2024-10-08,Eloá Silva,False
553,Amanda,Coelho,Lion Head,2018-01-07,Esther Vargas,False
554,Gael Henrique,Cachorro,Poodle,2022-11-01,Isabela Viana,False
555,Laís,Coelho,Mini Rex,2014-01-31,Yuri Mendes,False
556,Erick,Cachorro,Poodle,2014-12-14,Luiza Moura,False
557,Luana,Pássaro,Calopsita,2019-01-28,André Sousa,False
558,Juan,Cachorro,Poodle,2014-04-25,Antony Monteiro,False
559,Aylla,Cachorro,Pastor Alemão,2018-10-15,Maria Fernanda Azevedo,False
560,Eloá,Cachorro,Bulldog,2020-12-01,Sra. Maria Luísa Azevedo,False
561,Caio,Coelho,Lion Head,2013-08-08,Davi Lucca Pires,False
562,Agatha,Cachorro,Labrador,2024-07-15,Ana Julia Pereira,False
563,Gustavo Henrique,Cachorro,Pastor Alemão,2022-02-23,Noah Sá,False
564,Brayan,Pássaro,Calopsita,2011-01-23,Sra. Vitória Cavalcante,False
565,Sarah,Coelho,Mini Rex,2024-04-10,Ana Julia Nunes,False
566,André,Gato,Angorá,2013-10-12,Yago Porto,False
567,Sara,Pássaro,Periquito,2018-07-17,Benício Fogaça,False
568,Bruna,Gato,SRD,2024-06-10,Ana Clara Cirino,False
569,Gael Henrique,Coelho,Lion Head,2014-10-12,Maria Helena Barros,False
570,Evelyn,Cachorro,Labrador,2023-03-28,Cecilia Azevedo,False
571,Alana,Cachorro,Vira-lata,2011-08-07,Vitor Gabriel Guerra,False
572,Oliver,Gato,Angorá,2024-05-26,Maria Clara Barros,False
573,João Felipe,Pássaro,Papagaio,2025-08-22,Agatha Fogaça,False
574,Daniel,Pássaro,Calopsita,2015-10-21,Kevin Moraes,False
575,Eloá,Pássaro,Papagaio,2020-10-26,Maria Laura Caldeira,False
576,Arthur Gabriel,Cachorro,Vira-lata,2012-06-17,Sofia Mendes,False
577,Isabella,Gato,Maine Coon,2010-11-23,Maria Liz Souza,False
578,Helena,Pássaro,Calopsita,2020-08-09,Dr. Joaquim Correia,False
579,Pedro,Cachorro,Vira-lata,2016-08-04,Dra. Joana Nunes,False
580,Alana,Cachorro,Poodle,2022-07-24,Elisa da Paz,False
581,Samuel,Pássaro,Canário,2012-05-05,Apollo Vargas,False
582,Breno,Coelho,Angorá Inglês,2018-08-20,Eduarda Aparecida,False
583,Arthur,Gato,Siamês,2013-08-17,Eduardo da Conceição,False
584,Ryan,Pássaro,Papagaio,2015-04-10,Maria Liz Farias,False
585,Vinicius,Gato,SRD,2024-12-15,Dr. Renan Abreu,False
586,Rael,Cachorro,Vira-lata,2014-03-08,José Costela,False
587,Agatha,Cachorro,Labrador,2020-02-09,Dr. Ravi Macedo,False
588,Manuella,Pássaro,Papagaio,2020-02-18,Valentim Jesus,False
589,Alícia,Coelho,Mini Rex,2017-10-03,Maria Luiza Sá,False
590,Gustavo Henrique,Cachorro,Bulldog,2016-06-26,Arthur Miguel Azevedo,False
591,Thales,Cachorro,Bulldog,2025-04-02,Marina Ramos,False
592,Zoe,Pássaro,Calopsita,2017-09-24,Melina Pinto,False
593,Maria Cecília,Pássaro,Periquito,2022-10-16,Calebe Pastor,False
594,Laís,Coelho,Lion Head,2025-04-09,Luara Moura,False
595,Asafe,Cachorro,Bulldog,2012-03-10,Maria Ferreira,False
596,Diogo,Cachorro,Bulldog,2017-10-16,Sra. Ana Vitória Marques,False
597,Giovanna,Cachorro,Poodle,2016-12-19,Cauã da Conceição,False
598,Ana Julia,Pássaro,Calopsita,2025-04-05,Yago Duarte,False
599,Matteo,Coelho,Lion Head,2022-09-10,Diogo da Rocha,False
600,Maria Luísa,Coelho,Angorá Inglês,2012-05-21,Davi Luiz Lopes,False
601,Isaac,Coelho,Mini Rex,2024-02-28,Kamilly Sampaio,False
602,Julia,Cachorro,Vira-lata,2021-02-16,Yuri Pacheco,False
603,Stephany,Coelho,Angorá Inglês,2020-03-01,Sophie da Rocha,False
604,João Miguel,Gato,Angorá,2013-12-08,Dra. Stella Mendes,False
605,Ágatha,Coelho,Mini Rex,2022-01-26,Daniel Porto,False
606,Kamilly,Coelho,Lion Head,2012-11-13,Joaquim Marques,False
607,Vinícius,Coelho,Holland Lop,2012-10-22,Ian Alves,False
608,Bruno,Coelho,Holland Lop,2020-02-10,Sra. Cecília Abreu,False
609,Felipe,Gato,Siamês,2024-08-30,Nicole Castro,False
610,Asafe,Pássaro,Canário,2022-03-13,Davi Lucca Campos,False
611,Ryan,Gato,Siamês,2011-04-09,Yuri Sales,False
612,Daniel,Gato,Siamês,2025-02-18,Henrique Novais,False
613,Yan,Coelho,Lion Head,2017-08-15,João Lucas Câmara,False
614,Ana,Cachorro,Labrador,2011-04-29,Sr. Davi Lucca Cardoso,False
615,Brayan,Coelho,Lion Head,2019-08-03,Maria Vitória Martins,False
616,Jade,Coelho,Lion Head,2015-02-20,Dr. João Felipe Costa,False
617,Bruno,Cachorro,Pastor Alemão,2022-06-16,Antonella Ferreira,False
618,Isabelly,Pássaro,Canário,2016-10-31,João Felipe Fogaça,False
619,Davi Lucca,Gato,Persa,2014-11-16,Stella Lima,False
620,Maria Flor,Coelho,Angorá Inglês,2025-09-21,Srta. Carolina Rios,False
621,Isaac,Coelho,Lion Head,2015-01-04,Léo Nascimento,False
622,Anthony,Coelho,Holland Lop,2011-08-14,Eloá Câmara,False
623,Laura,Gato,Angorá,2025-01-28,Luana Carvalho,False
624,Ágatha,Pássaro,Canário,2014-03-09,Heloísa Cunha,False
625,Arthur Gabriel,Coelho,Mini Rex,2019-09-29,Aylla Pacheco,False
626,Rodrigo,Pássaro,Papagaio,2019-05-25,Mathias Cavalcanti,False
627,Maitê,Pássaro,Canário,2011-12-12,Maria Flor Viana,False
628,Levi,Cachorro,Bulldog,2021-06-07,Gael Henrique Cunha,False
629,Miguel,Coelho,Angorá Inglês,2022-12-29,Srta. Alícia Azevedo,False
630,Luiz Felipe,Gato,Siamês,2018-01-16,Srta. Marina Jesus,False
631,Isabella,Cachorro,Labrador,2021-09-20,Luara Fernandes,False
632,Augusto,Pássaro,Canário,2016-05-02,Valentina Nunes,False
633,Emanuelly,Cachorro,Vira-lata,2022-06-22,Ana Laura Casa Grande,False
634,Carolina,Coelho,Lion Head,2017-02-09,Julia Pimenta,False
635,Diego,Gato,Siamês,2015-02-02,Sr. Fernando Ribeiro,False
636,João Guilherme,Gato,Persa,2018-09-14,Maria Cecília Ferreira,False
637,Mariana,Gato,SRD,2023-09-23,Brenda da Conceição,False
638,Rael,Pássaro,Papagaio,2011-06-03,Luiz Miguel Oliveira,False
639,Thiago,Gato,Maine Coon,2022-07-28,Sarah da Luz,False
640,Maria,Cachorro,Labrador,2011-08-31,Dr. Erick Cassiano,False
641,Sophia,Pássaro,Papagaio,2020-01-08,Dr. João Vitor Nogueira,False
642,Cauã,Pássaro,Canário,2015-11-22,Cauê Gomes,False
643,Isabel,Coelho,Mini Rex,2020-02-10,Asafe Novaes,False
644,Ana Vitória,Gato,Siamês,2019-10-24,Luigi Almeida,False
645,Ana Sophia,Pássaro,Papagaio,2017-09-03,Manuela Novais,False
646,Lívia,Coelho,Mini Rex,2014-02-08,Sra. Isabella Viana,False
647,Elisa,Cachorro,Bulldog,2015-02-06,Dr. André Lopes,False
648,Mathias,Cachorro,Labrador,2022-11-24,Amanda Araújo,False
649,Lorena,Coelho,Lion Head,2017-10-10,Thales Borges,False
650,Noah,Pássaro,Calopsita,2022-07-08,Sr. Otto Gomes,False
651,Gustavo Henrique,Pássaro,Papagaio,2014-01-23,Sarah da Costa,False
652,Murilo,Gato,Maine Coon,2022-12-27,Henry Correia,False
653,Zoe,Cachorro,Bulldog,2013-08-24,Marcelo das Neves,False
654,Raquel,Gato,Persa,2020-04-19,Valentim Melo,False
655,Ester,Pássaro,Calopsita,2022-11-24,Esther Macedo,False
656,Luiz Fernando,Pássaro,Periquito,2013-09-30,Oliver Pinto,False
657,Maria Isis,Gato,SRD,2016-07-29,Thales Silva,False
658,Maya,Gato,Persa,2020-03-06,Rebeca Rocha,False
659,Davi Lucca,Cachorro,Pastor Alemão,2018-01-27,Srta. Alana Brito,False
660,Mateus,Pássaro,Calopsita,2020-07-17,Davi Lucas Sá,False
661,Gael,Cachorro,Labrador,2014-05-14,Esther Cavalcanti,False
662,Luigi,Gato,SRD,2018-02-20,Dra. Alice Novaes,False
663,Davi,Gato,Angorá,2020-12-25,Dante Borges,False
664,Bianca,Gato,SRD,2012-12-05,Luna da Costa,False
665,Lavínia,Pássaro,Papagaio,2019-09-12,Valentim Cunha,False
666,Sophie,Coelho,Holland Lop,2013-02-20,Helena Costa,False
667,Antônio,Coelho,Lion Head,2017-10-12,Sr. Ian Machado,False
668,Amanda,Cachorro,Pastor Alemão,2018-11-13,Isabella Moraes,False
669,João Gabriel,Pássaro,Calopsita,2020-02-11,Pedro Siqueira,False
670,Mathias,Cachorro,Vira-lata,2010-11-09,Ana Lívia Costela,False
671,Kaique,Cachorro,Vira-lata,2015-12-09,Maria Luísa Santos,False
672,Isabelly,Pássaro,Periquito,2023-09-27,Dr. Arthur Miguel Carvalho,False
673,Luiz Otávio,Coelho,Holland Lop,2024-09-21,Catarina Aragão,False
674,Thiago,Pássaro,Calopsita,2019-02-16,Rael Casa Grande,False
675,Benicio,Coelho,Angorá Inglês,2018-10-14,Enrico Castro,False
676,Lorenzo,Pássaro,Canário,2014-02-07,Dr. Bruno Siqueira,False
677,Olívia,Pássaro,Periquito,2011-06-19,Rhavi Nascimento,False
678,Josué,Coelho,Holland Lop,2023-10-26,Raul Rodrigues,False
679,Thiago,Gato,Persa,2024-03-01,Davi Miguel Monteiro,False
680,Caroline,Coelho,Lion Head,2011-06-24,Sr. Dante Santos,False
681,Maya,Coelho,Mini Rex,2012-02-05,Dra. Nicole Araújo,False
682,Ian,Pássaro,Calopsita,2016-08-23,Luiz Felipe Martins,False
683,Stella,Cachorro,Vira-lata,2024-03-13,Anthony Silveira,False
684,Gustavo,Pássaro,Canário,2016-10-16,Sr. Fernando Andrade,False
685,Diogo,Coelho,Angorá Inglês,2017-08-02,Heloísa da Cruz,False
686,Rafaela,Coelho,Angorá Inglês,2014-06-07,Vitória Carvalho,False
687,Manuella,Cachorro,Poodle,2023-08-18,Samuel Borges,False
688,Thomas,Coelho,Holland Lop,2017-02-24,Henrique da Costa,False
689,Ana Liz,Gato,SRD,2012-03-31,Marcos Vinicius Souza,False
690,Calebe,Cachorro,Pastor Alemão,2012-01-26,Dr. Davi Ramos,False
691,Theodoro,Pássaro,Papagaio,2015-12-31,Cauã Almeida,False
692,Manuella,Gato,Angorá,2019-07-20,Manuela Pires,False
693,Breno,Cachorro,Bulldog,2013-01-14,Sr. Caio das Neves,False
694,Ravi Lucca,Cachorro,Poodle,2016-01-19,Ana Lívia da Paz,False
695,Danilo,Gato,Angorá,2023-08-29,Otávio Oliveira,False
696,Ester,Cachorro,Vira-lata,2016-11-06,Vinícius Correia,False
697,Bruna,Cachorro,Vira-lata,2010-12-19,Ísis Mendes,False
698,Renan,Cachorro,Labrador,2014-02-23,Ana Vitória Gomes,False
699,Davi Luiz,Cachorro,Vira-lata,2021-01-27,Ana Clara da Mota,False
700,Leonardo,Pássaro,Papagaio,2010-12-10,Lucas Gabriel Mendes,False
701,Luiz Henrique,Cachorro,Vira-lata,2020-06-26,Ana Lívia Cavalcante,False
702,Mathias,Coelho,Lion Head,2015-07-16,Davi Miguel Nunes,False
703,Leonardo,Pássaro,Calopsita,2015-11-09,Dr. Arthur Gabriel Sá,False
704,Maria Clara,Cachorro,Poodle,2014-09-30,Amanda Azevedo,False
705,Daniel,Pássaro,Canário,2023-04-10,Srta. Luiza da Cruz,False
706,Yan,Gato,Persa,2025-05-11,Alexia Aparecida,False
707,Asafe,Coelho,Lion Head,2019-08-17,Aylla das Neves,False
708,Daniela,Coelho,Lion Head,2018-11-20,Yan Sampaio,False
709,Ana Carolina,Cachorro,Labrador,2019-09-27,Srta. Mirella Lima,False
710,Mariana,Cachorro,Labrador,2025-08-07,Laura Monteiro,False
711,Clarice,Pássaro,Calopsita,2019-06-02,Nicole Mendes,False
712,Heloisa,Coelho,Holland Lop,2022-04-17,Júlia Farias,False
713,Erick,Coelho,Angorá Inglês,2018-07-29,Apollo Vasconcelos,False
714,Vitória,Gato,Persa,2015-08-17,Enrico da Mota,False
715,Pedro,Gato,Siamês,2023-02-21,João Câmara,False
716,Anna Liz,Gato,Maine Coon,2017-01-17,Sr. Heitor Moura,False
717,Ian,Cachorro,Poodle,2018-11-02,Maria Isis Vasconcelos,False
718,Theodoro,Coelho,Mini Rex,2019-01-06,Gael Henrique Machado,False
719,Amanda,Gato,Persa,2021-09-09,Maria Júlia Pires,False
720,Bruno,Coelho,Lion Head,2025-01-02,Ester Vieira,False
721,Arthur,Cachorro,Vira-lata,2024-08-18,Melissa Mendonça,False
722,Ana Liz,Gato,Persa,2018-11-25,Bruna Lopes,False
723,Noah,Cachorro,Labrador,2015-07-06,Enzo Cavalcante,False
724,Luiz Fernando,Gato,Maine Coon,2010-10-28,Léo Fogaça,False
725,Maria Flor,Cachorro,Poodle,2017-05-25,Davi Lucas das Neves,False
726,Igor,Coelho,Lion Head,2015-04-16,Sra. Ester Camargo,False
727,Theodoro,Gato,Angorá,2024-03-31,Sra. Maria Júlia da Mota,False
728,Isaac,Coelho,Lion Head,2016-01-30,Sra. Maya Machado,False
729,Emanuelly,Pássaro,Calopsita,2014-09-11,Felipe Duarte,False
730,Lorena,Coelho,Lion Head,2019-11-18,Vitor Andrade,False
731,Ana Laura,Coelho,Holland Lop,2011-11-29,Maria Cecília Lopes,False
732,Benjamim,Cachorro,Bulldog,2021-08-24,Dra. Heloisa Macedo,False
733,Mathias,Gato,SRD,2013-06-24,Srta. Marcela Nascimento,False
734,Lara,Cachorro,Labrador,2012-08-03,Sra. Brenda Araújo,False
735,Esther,Coelho,Lion Head,2025-06-17,Stephany Cirino,False
736,Maria Eduarda,Pássaro,Periquito,2014-12-31,Sr. Guilherme da Conceição,False
737,Isaac,Gato,Maine Coon,2020-01-16,Sra. Alice Cassiano,False
738,Mateus,Pássaro,Canário,2022-03-06,Antonella Macedo,False
739,Evelyn,Pássaro,Canário,2022-01-21,Maria Vitória Azevedo,False
740,Gustavo Henrique,Cachorro,Poodle,2012-03-17,Guilherme Ramos,False
741,Maria Luísa,Gato,Angorá,2011-07-12,Benjamim Lopes,False
742,Gabrielly,Pássaro,Canário,2014-10-16,Pietro Ferreira,False
743,Luiza,Pássaro,Papagaio,2025-08-03,Yasmin Correia,False
744,Olívia,Gato,Angorá,2022-11-26,Dr. Samuel Montenegro,False
745,Raul,Gato,Angorá,2022-02-23,Noah Farias,False
746,Hellena,Pássaro,Papagaio,2013-11-12,Srta. Anna Liz Mendes,False
747,Olivia,Gato,Angorá,2023-02-17,Lavínia Ribeiro,False
748,Ana Clara,Pássaro,Papagaio,2023-02-26,Pedro Pacheco,False
749,Breno,Pássaro,Canário,2023-04-19,Mirella Aparecida,False
750,Letícia,Gato,Maine Coon,2025-07-02,Luigi Jesus,False
751,Ana Vitória,Cachorro,Poodle,2016-03-07,Sophie Câmara,False
752,Lucca,Coelho,Angorá Inglês,2021-11-19,Maria Helena Lopes,False
753,Rodrigo,Cachorro,Bulldog,2012-05-20,Maria Sophia Vargas,False
754,Danilo,Pássaro,Canário,2013-05-09,Otávio Silveira,False
755,Theo,Pássaro,Papagaio,2018-07-14,Cauê Gomes,False
756,Thales,Pássaro,Calopsita,2011-10-16,Francisco Cunha,False
757,Arthur Gabriel,Gato,Persa,2019-07-14,Mateus Vasconcelos,False
758,Ayla,Gato,Maine Coon,2021-06-11,Vitor Hugo Lima,False
759,Vitor Gabriel,Pássaro,Periquito,2016-04-23,Dra. Maria Clara Barros,False
760,Lucas,Coelho,Angorá Inglês,2023-05-14,Sr. Liam Novaes,False
761,Stephany,Coelho,Holland Lop,2013-03-28,Lorena Souza,False
762,Davi,Cachorro,Labrador,2020-12-04,Clarice da Cunha,False
763,Natália,Pássaro,Papagaio,2021-02-01,Dra. Manuela Garcia,False
764,Ravy,Coelho,Angorá Inglês,2016-10-20,Srta. Elisa Macedo,False
765,Sofia,Coelho,Angorá Inglês,2010-12-02,Maria Moura,False
766,Evelyn,Cachorro,Vira-lata,2012-08-04,Carlos Eduardo Cunha,False
767,Gael,Pássaro,Periquito,2015-01-05,Yasmin da Rosa,False
768,Enzo Gabriel,Coelho,Mini Rex,2022-08-26,Thomas da Mata,False
769,Maria,Coelho,Lion Head,2019-10-06,Dr. Enrico Cavalcanti,False
770,Manuela,Cachorro,Poodle,2016-07-03,Brenda da Paz,False
771,Ana Laura,Pássaro,Papagaio,2014-07-17,Maria Isis Pereira,False
772,Luara,Coelho,Mini Rex,2018-11-12,Sarah Vasconcelos,False
773,Lunna,Coelho,Holland Lop,2015-12-29,Eduardo Souza,False
774,Ana Beatriz,Cachorro,Bulldog,2011-07-19,Maysa Gonçalves,False
775,Luana,Pássaro,Calopsita,2019-05-29,Dra. Ana Júlia Correia,False
776,Noah,Pássaro,Canário,2021-11-05,Dante da Conceição,False
777,Benicio,Cachorro,Poodle,2016-10-25,Maria Júlia Brito,False
778,João Gabriel,Cachorro,Labrador,2015-05-03,Léo Barbosa,False
779,Ágatha,Pássaro,Calopsita,2017-10-01,Rhavi Fonseca,False
780,Mariah,Cachorro,Poodle,2013-02-15,Luiz Fernando Alves,False
781,Lorenzo,Pássaro,Papagaio,2020-10-07,Joana Borges,False
782,Aurora,Pássaro,Calopsita,2014-09-27,Valentina Costa,False
783,Julia,Gato,Siamês,2020-12-16,Bárbara Siqueira,False
784,Lavínia,Gato,Persa,2012-12-04,Carlos Eduardo da Luz,False
785,Thales,Gato,Maine Coon,2021-04-03,Maria Vitória da Mota,False
786,Francisco,Cachorro,Labrador,2016-10-06,Helena Camargo,False
787,Benicio,Cachorro,Labrador,2017-12-06,Pedro Henrique Lima,False
788,João,Coelho,Mini Rex,2013-07-02,Bruna da Paz,False
789,Mateus,Cachorro,Labrador,2015-12-27,Fernando Rodrigues,False
790,Ryan,Coelho,Angorá Inglês,2018-05-24,João Gabriel das Neves,False
791,Gael,Cachorro,Bulldog,2014-08-15,Maria Luísa Freitas,False
792,Maria Fernanda,Cachorro,Bulldog,2013-02-05,Antônio Garcia,False
793,Pietra,Coelho,Mini Rex,2012-04-26,Hadassa Montenegro,False
794,Ian,Coelho,Lion Head,2022-07-31,Mariana Moraes,False
795,Alice,Coelho,Angorá Inglês,2021-07-10,Pedro Miguel Cassiano,False
796,Mariane,Gato,Persa,2017-05-10,Benjamim Machado,False
797,Ana Vitória,Coelho,Holland Lop,2013-12-07,Srta. Pietra Ramos,False
798,Maria Luiza,Coelho,Mini Rex,2025-02-22,Otto Leão,False
799,Thomas,Cachorro,Labrador,2019-04-14,Arthur Miguel Cunha,False
800,Aurora,Pássaro,Periquito,2025-07-27,Benjamim Carvalho,False
801,Vitor,Pássaro,Papagaio,2016-11-10,Larissa Moura,False
802,Luigi,Coelho,Lion Head,2017-01-30,Kamilly Gonçalves,False
803,Rodrigo,Coelho,Lion Head,2021-08-16,Davi Lucca Ribeiro,False
804,Breno,Gato,Angorá,2016-04-15,Natália Mendes,False
805,Maria Júlia,Gato,Angorá,2019-03-31,Ágatha Moreira,False
806,Antony,Coelho,Lion Head,2018-02-17,Samuel Cirino,False
807,João Felipe,Cachorro,Labrador,2017-07-19,Alícia da Paz,False
808,Yuri,Cachorro,Bulldog,2015-07-21,Kamilly Freitas,False
809,Agatha,Pássaro,Canário,2012-03-03,Marina Carvalho,False
810,Isabel,Cachorro,Poodle,2023-03-16,Daniela Costela,False
811,Caio,Coelho,Angorá Inglês,2022-05-02,Sra. Olivia Câmara,False
812,Maria Liz,Coelho,Lion Head,2025-07-28,Heloísa Cavalcanti,False
813,Thales,Coelho,Angorá Inglês,2021-02-21,Isabelly Viana,False
814,Caio,Gato,Persa,2010-11-01,Sra. Evelyn Monteiro,False
815,Dante,Gato,Persa,2018-05-14,Miguel Melo,False
816,Ryan,Pássaro,Canário,2010-11-18,João Pedro Marques,False
817,Lara,Pássaro,Calopsita,2024-09-24,Mathias Sales,False
818,Luiz Henrique,Coelho,Lion Head,2023-04-29,Bernardo Dias,False
819,Davi,Cachorro,Labrador,2011-05-06,Luara Pimenta,False
820,Larissa,Pássaro,Papagaio,2023-02-27,Olivia Macedo,False
821,Fernando,Coelho,Lion Head,2020-06-27,Dra. Maria Julia Cavalcante,False
822,Ana Lívia,Coelho,Lion Head,2017-06-23,Enzo Abreu,False
823,Caleb,Pássaro,Calopsita,2016-05-12,Isabel Correia,False
824,Fernando,Pássaro,Calopsita,2019-06-29,Sr. Matheus Rocha,False
825,Noah,Pássaro,Papagaio,2013-04-28,Bárbara Guerra,False
826,Joaquim,Gato,Siamês,2010-11-14,Srta. Joana Garcia,False
827,Heitor,Coelho,Angorá Inglês,2014-07-27,Gael Siqueira,False
828,Igor,Cachorro,Poodle,2021-05-09,Sra. Maria Fernanda Sousa,False
829,Ágatha,Pássaro,Periquito,2013-04-29,Isabelly Viana,False
830,Bryan,Gato,Siamês,2020-09-29,Caio Azevedo,False
831,Milena,Gato,SRD,2023-04-19,Calebe Cirino,False
832,Bento,Gato,SRD,2019-02-12,Srta. Sophia Sampaio,False
833,Matheus,Cachorro,Bulldog,2023-11-22,Srta. Aylla Farias,False
834,Raul,Gato,Maine Coon,2014-10-06,Brenda Rezende,False
835,Julia,Cachorro,Labrador,2023-08-25,Anthony Abreu,False
836,Pietra,Cachorro,Poodle,2025-09-02,Luiz Fernando Teixeira,False
837,Leandro,Coelho,Mini Rex,2016-07-02,Nicolas da Luz,False
838,Ana Luiza,Pássaro,Calopsita,2021-09-10,João Lucas Pacheco,False
839,Rebeca,Pássaro,Periquito,2012-12-29,Maysa Cavalcanti,False
840,Ana Sophia,Gato,Persa,2021-06-04,João Gabriel Sá,False
841,Allana,Pássaro,Calopsita,2023-03-03,Dr. Apollo Oliveira,False
842,Pedro,Pássaro,Calopsita,2021-03-21,Caleb Brito,False
843,João Vitor,Cachorro,Labrador,2012-04-06,Kamilly Macedo,False
844,Olívia,Coelho,Mini Rex,2024-07-01,Nina Fonseca,False
845,Yasmin,Cachorro,Vira-lata,2013-06-02,Ryan Farias,False
846,Ian,Gato,Siamês,2012-11-26,Maria Teixeira,False
847,Eduardo,Gato,Siamês,2014-05-17,Evelyn Machado,False
848,Luiz Fernando,Pássaro,Periquito,2020-11-30,Ian Correia,False
849,Gabrielly,Cachorro,Bulldog,2016-08-20,Luna Almeida,False
850,Maria Vitória,Pássaro,Papagaio,2023-12-31,Olivia Viana,False
851,Ayla,Pássaro,Periquito,2023-06-10,Sra. Alexia Andrade,False
852,Antony,Coelho,Lion Head,2014-06-26,Matteo Farias,False
853,Olívia,Coelho,Lion Head,2024-07-05,Sra. Giovanna Cirino,False
854,Anthony,Gato,SRD,2022-01-02,Melina da Conceição,False
855,Ana Laura,Coelho,Lion Head,2013-07-10,Carolina Vasconcelos,False
856,Jade,Gato,Angorá,2020-03-26,Ísis Souza,False
857,Vitor Gabriel,Cachorro,Bulldog,2019-07-10,Vitor Hugo Monteiro,False
858,Joaquim,Cachorro,Labrador,2015-02-08,Ana Cecília Sá,False
859,João Lucas,Gato,Persa,2015-05-05,Dra. Elisa Almeida,False
860,Leonardo,Pássaro,Canário,2021-03-08,Olivia Rezende,False
861,Ana Liz,Pássaro,Calopsita,2021-11-09,Augusto Almeida,False
862,Anthony Gabriel,Coelho,Mini Rex,2010-12-28,Srta. Giovanna Nogueira,False
863,Ana Luiza,Pássaro,Canário,2018-01-24,Carolina Ramos,False
864,Bruna,Gato,Angorá,2023-03-01,Joaquim Cassiano,False
865,Benicio,Cachorro,Bulldog,2024-12-20,Luiz Miguel Jesus,False
866,Davi Miguel,Gato,SRD,2021-06-27,Isabel Vasconcelos,False
867,Raul,Pássaro,Calopsita,2010-10-25,Jade Camargo,False
868,Fernando,Gato,SRD,2016-04-03,Gael Henrique Macedo,False
869,Milena,Cachorro,Vira-lata,2011-12-06,Maria Isis Novais,False
870,Otávio,Pássaro,Papagaio,2025-06-20,Sabrina Alves,False
871,Heitor,Pássaro,Papagaio,2018-01-15,Sr. Thiago Casa Grande,False
872,Eloá,Gato,Persa,2014-01-24,Cauã Pires,False
873,Davi,Gato,Persa,2020-04-13,Henry da Mota,False
874,Maria Julia,Pássaro,Calopsita,2016-11-19,Dr. Luiz Felipe Rodrigues,False
875,Ana Júlia,Pássaro,Canário,2022-09-01,Caleb da Conceição,False
876,Daniela,Cachorro,Poodle,2014-04-18,Arthur Monteiro,False
877,Erick,Gato,Angorá,2023-06-15,Srta. Ayla Peixoto,False
878,Apollo,Pássaro,Periquito,2016-07-06,Yuri Caldeira,False
879,Ester,Coelho,Lion Head,2017-05-19,Gustavo da Mota,False
880,Carlos Eduardo,Cachorro,Poodle,2020-02-02,Ana Julia Correia,False
881,Raquel,Cachorro,Bulldog,2014-02-15,Valentim Sá,False
882,Sophia,Gato,Siamês,2024-12-29,Brenda Gonçalves,False
883,Rebeca,Pássaro,Papagaio,2021-12-16,Alana Pacheco,False
884,Felipe,Coelho,Mini Rex,2020-03-11,Alexandre Camargo,False
885,Isabela,Cachorro,Bulldog,2010-12-25,Brenda Pastor,False
886,Gael,Pássaro,Calopsita,2013-06-22,Dr. Bruno Aparecida,False
887,Stephany,Pássaro,Papagaio,2014-03-09,João Vitor Azevedo,False
888,Vinicius,Coelho,Mini Rex,2015-05-29,Fernando Nunes,False
889,Laura,Gato,SRD,2020-04-10,Bernardo da Paz,False
890,Isabella,Coelho,Mini Rex,2017-11-12,Bento Machado,False
891,Murilo,Gato,Maine Coon,2015-02-26,Bernardo Nogueira,False
892,Mariah,Coelho,Angorá Inglês,2020-04-28,Augusto Cavalcante,False
893,Maria Laura,Pássaro,Papagaio,2012-04-25,Isabela Porto,False
894,Lucas Gabriel,Coelho,Mini Rex,2020-05-04,Bella Martins,False
895,Carlos Eduardo,Gato,SRD,2021-08-01,Vitória Silva,False
896,Luiz Fernando,Gato,Siamês,2020-06-18,Bryan Costela,False
897,Ana Julia,Coelho,Mini Rex,2013-10-29,Noah Castro,False
898,Rael,Pássaro,Papagaio,2013-04-25,Maria Helena Moreira,False
899,Olivia,Coelho,Mini Rex,2025-07-31,Paulo Moreira,False
900,Alana,Cachorro,Bulldog,2018-04-19,Paulo Gonçalves,False
901,Alícia,Cachorro,Vira-lata,2016-02-08,Heloisa Barros,False
902,Evelyn,Gato,Persa,2020-06-19,Ana Sophia Brito,False
903,Lara,Coelho,Holland Lop,2011-07-03,Davi Lucas Jesus,False
904,Augusto,Cachorro,Labrador,2021-02-05,Valentina da Mata,False
905,Luiz Fernando,Coelho,Holland Lop,2016-07-03,Maitê Fonseca,False
906,Maria Eduarda,Cachorro,Poodle,2016-08-11,Gabriela Cavalcante,False
907,Manuela,Pássaro,Papagaio,2023-08-31,Clarice Caldeira,False
908,Hellena,Pássaro,Calopsita,2013-11-15,Isis Câmara,False
909,Pietro,Cachorro,Poodle,2022-01-24,Emanuelly Dias,False
910,Agatha,Pássaro,Periquito,2024-04-18,Ana da Luz,False
911,Isabelly,Pássaro,Canário,2024-04-30,Diego da Costa,False
912,Nathan,Pássaro,Periquito,2018-06-09,Luiz Henrique Andrade,False
913,Julia,Coelho,Holland Lop,2012-12-23,Maria Laura Porto,False
914,Alana,Pássaro,Calopsita,2019-05-18,Davi Miguel Azevedo,False
915,Maria Sophia,Pássaro,Calopsita,2011-03-14,José Costa,False
916,Danilo,Pássaro,Papagaio,2016-10-10,Dra. Larissa Almeida,False
917,Danilo,Cachorro,Pastor Alemão,2013-07-20,Isis da Costa,False
918,Gustavo Henrique,Pássaro,Periquito,2018-07-10,Luiz Henrique Moreira,False
919,Alice,Gato,Siamês,2023-05-24,Thiago Macedo,False
920,Melissa,Coelho,Holland Lop,2023-11-10,Vinícius das Neves,False
921,Gustavo Henrique,Cachorro,Labrador,2022-08-03,Ravy Albuquerque,False
922,Bella,Pássaro,Periquito,2015-01-28,Liz Mendes,False
923,Emanuel,Gato,Maine Coon,2024-09-30,Gabriel Viana,False
924,Thomas,Cachorro,Vira-lata,2018-02-07,Sophia Abreu,False
925,Evelyn,Gato,Angorá,2015-06-18,Srta. Maysa Jesus,False
926,Natália,Pássaro,Canário,2025-01-16,Dr. Gustavo Henrique Ferreira,False
927,Luiz Gustavo,Pássaro,Canário,2016-09-01,Sra. Sofia Fogaça,False
928,Julia,Coelho,Holland Lop,2023-07-05,Kaique Carvalho,False
929,Rael,Cachorro,Vira-lata,2015-12-07,Anna Liz Silveira,False
930,Lorena,Cachorro,Pastor Alemão,2011-08-07,Alexandre Viana,False
931,Liam,Gato,SRD,2014-11-16,Francisco Nunes,False
932,Ana Cecília,Gato,Siamês,2023-11-10,Srta. Aurora Lopes,False
933,Isaac,Gato,Angorá,2019-12-23,Liam Rezende,False
934,Maria,Pássaro,Periquito,2013-06-10,Ana Júlia Rocha,False
935,Davi,Cachorro,Labrador,2023-09-25,Pedro Costa,False
936,Ravi,Gato,Siamês,2018-09-13,Aylla Vargas,False
937,Vitor Hugo,Pássaro,Calopsita,2020-04-26,Milena da Luz,False
938,Ravi Lucca,Coelho,Angorá Inglês,2022-09-06,João Gabriel Rios,False
939,Lavínia,Gato,Angorá,2020-04-27,Mathias Pires,False
940,Rael,Cachorro,Bulldog,2011-12-03,Dom Câmara,False
941,Levi,Gato,Persa,2020-09-02,Pietra Câmara,False
942,Thomas,Pássaro,Canário,2016-06-07,Sr. Breno Guerra,False
943,Maria Luísa,Cachorro,Pastor Alemão,2013-06-18,Vinícius Nascimento,False
944,Marina,Coelho,Holland Lop,2021-07-09,Sra. Aylla Marques,False
945,Aylla,Cachorro,Vira-lata,2011-01-15,Hellena Pacheco,False
946,Théo,Gato,Maine Coon,2024-08-16,Felipe Cirino,False
947,Maria,Pássaro,Canário,2017-11-14,Davi Miguel da Conceição,False
948,Mariana,Coelho,Angorá Inglês,2019-08-25,Júlia da Rosa,False
949,Vinícius,Gato,Maine Coon,2014-10-02,Henry Gabriel Mendonça,False
950,Erick,Gato,Siamês,2022-12-09,Alexandre Santos,False
951,Eloá,Cachorro,Vira-lata,2010-12-08,Maria Flor Cassiano,False
952,Kaique,Pássaro,Canário,2023-10-12,Luna Silveira,False
953,Manuella,Gato,Siamês,2017-02-26,Manuella Nunes,False
954,Caroline,Pássaro,Canário,2022-07-24,Sra. Isabelly Fogaça,False
955,Maria Eduarda,Cachorro,Pastor Alemão,2015-02-15,Dra. Emanuella da Cunha,False
956,Beatriz,Pássaro,Canário,2013-07-03,Thomas Lima,False
957,Ana,Gato,SRD,2013-06-28,Francisco Silveira,False
958,Vitor Hugo,Cachorro,Pastor Alemão,2018-07-29,Eduarda das Neves,False
959,Stella,Cachorro,Poodle,2021-11-04,Stephany Cunha,False
960,Elisa,Pássaro,Periquito,2013-02-03,Dr. Lucca Camargo,False
961,Guilherme,Gato,Siamês,2023-03-07,Bernardo Borges,False
962,Gabrielly,Gato,Siamês,2020-12-28,Matheus Araújo,False
963,Natália,Coelho,Holland Lop,2023-08-01,Gustavo das Neves,False
964,Mathias,Pássaro,Papagaio,2013-09-01,Mathias Melo,False
965,Antonella,Gato,SRD,2019-09-22,Olívia Silveira,False
966,Bento,Cachorro,Bulldog,2015-04-07,Igor Montenegro,False
967,Stella,Pássaro,Calopsita,2011-06-16,Sr. Nathan Vieira,False
968,Valentina,Pássaro,Calopsita,2016-06-15,Benjamim Marques,False
969,Arthur Miguel,Pássaro,Papagaio,2011-12-13,Aurora da Cunha,False
970,Erick,Cachorro,Vira-lata,2013-02-15,Heloísa Lima,False
971,Gustavo Henrique,Gato,SRD,2013-02-14,Srta. Vitória Casa Grande,False
972,Maria Luiza,Gato,Angorá,2015-07-31,Pietra Moraes,False
973,Luigi,Gato,Angorá,2013-07-12,Thales Sales,False
974,Catarina,Cachorro,Labrador,2014-06-22,Ravy Abreu,False
975,Juliana,Cachorro,Pastor Alemão,2014-12-05,Ana Cecília Camargo,False
976,Ayla,Gato,Maine Coon,2023-03-29,Larissa Machado,False
977,Helena,Gato,Siamês,2019-05-23,Oliver Albuquerque,False
978,Ryan,Pássaro,Calopsita,2023-06-07,Vicente Moraes,False
979,Alícia,Pássaro,Canário,2018-02-07,Dra. Letícia Andrade,False
980,Valentim,Cachorro,Pastor Alemão,2025-06-02,Lucas Barbosa,False
981,Leonardo,Pássaro,Canário,2021-02-14,Olivia da Mata,False
982,Luiz Otávio,Pássaro,Periquito,2019-03-23,Ryan Vieira,False
983,Luara,Coelho,Angorá Inglês,2021-06-08,Igor da Rosa,False
984,Juan,Gato,Persa,2019-09-25,Bianca Dias,False
985,Davi Luiz,Cachorro,Pastor Alemão,2013-08-14,Leonardo Martins,False
986,Emilly,Gato,SRD,2013-01-19,Maria Laura Borges,False
987,Bento,Cachorro,Bulldog,2012-02-24,Valentina Sales,False
988,Liz,Gato,Angorá,2011-04-25,Calebe Moura,False
989,Vinicius,Gato,Maine Coon,2024-05-08,Nina Aparecida,False
990,Danilo,Gato,Siamês,2011-08-23,Oliver Moreira,False
991,Maria Flor,Pássaro,Periquito,2024-12-15,Laís Guerra,False
992,Benjamin,Coelho,Mini Rex,2025-09-09,João Moura,False
993,Lívia,Gato,SRD,2018-03-04,João Lucas Azevedo,False
994,José Miguel,Cachorro,Poodle,2013-09-14,Samuel Camargo,False
995,Emilly,Gato,Maine Coon,2022-01-22,Antonella Aragão,False
996,Stephany,Coelho,Angorá Inglês,2022-06-03,Thales das Neves,False
997,Isabel,Coelho,Lion Head,2013-11-14,Melina Costela,False
998,Liz,Gato,Persa,2025-08-18,Cecilia Correia,False
999,Yasmin,Coelho,Mini Rex,2019-08-08,Paulo Viana,False
1000,Sara,Coelho,Lion Head,2020-02-10,Emanuella Cavalcante,False
